Dr. Taylor,Veterinary Medicine,Veterinary Medicine,MAJOR
Prof. Gonzalez,Agronomy,Agriculture,MAJOR
Dr. Robinson,Environmental Policy,Environmental Sciences,MAJOR
Prof. Gonzalez,Oral Surgery,Dentistry,MAJOR
Dr. Baker,Constitutional Law,Law,MAJOR
Dr. Phillips,Music Performance,Music,MAJOR
Prof. Turner,Music Performance,Music,MAJOR
Prof. Carter,Pharmaceutical Sciences,Pharmacy,MAJOR
Prof. Turner,Agronomy,Agriculture,MAJOR
Prof. King,Oral Surgery,Dentistry,MAJOR
Dr. Allen,Anthropology,Social Sciences,MAJOR
Prof. Thompson,Philosophy,Humanities,MAJOR
Dr. Robinson,Education Psychology,Education,MAJOR
Prof. Wilson,Sports Science,Physical Education,MAJOR
Dr. Wright,Education Psychology,Education,MAJOR
Prof. Hall,Veterinary Medicine,Veterinary Medicine,MAJOR
Prof. Lopez,Philosophy,Humanities,MAJOR
Dr. Hernandez,Divinity Studies,Theology,MAJOR
Prof. Lopez,Biology,Science,MAJOR
Dr. Green,Architectural Design,Architecture,MAJOR
Prof. Young,Computer Science,Computing,MAJOR
Dr. Roberts,Anthropology,Social Sciences,MAJOR
Dr. Anderson,Divinity Studies,Theology,MAJOR
Dr. Allen,Environmental Policy,Environmental Sciences,MAJOR
Prof. Campbell,Media Studies,Communication,MAJOR
Dr. Walker,Veterinary Medicine,Veterinary Medicine,MAJOR
Prof. Thompson,Anthropology,Social Sciences,MAJOR
Prof. Hall,Pharmaceutical Sciences,Pharmacy,MAJOR
Prof. Turner,Anthropology,Social Sciences,MAJOR
Prof. Perez,Education Psychology,Education,MAJOR
Dr. Harris,Constitutional Law,Law,MAJOR
Prof. Thompson,Computer Science,Computing,MAJOR
Dr. Walker,Pharmaceutical Sciences,Pharmacy,MAJOR
Prof. Gonzalez,Media Studies,Communication,MAJOR
Dr. Hernandez,Marketing,Business,MAJOR
Dr. Wright,Divinity Studies,Theology,MAJOR
Prof. Clark,Computer Science,Computing,MAJOR
Dr. Baker,Education Psychology,Education,MAJOR
Prof. Campbell,Anthropology,Social Sciences,MAJOR
Dr. Roberts,Constitutional Law,Law,MAJOR
Dr. Anderson,Music Performance,Music,MAJOR
Dr. Harris,Mechanical Engineering,Engineering,MAJOR
Prof. Scott,Mechanical Engineering,Engineering,MAJOR
Prof. Carter,Sports Science,Physical Education,MAJOR
Prof. Wilson,Sports Science,Physical Education,MAJOR
Dr. Mitchell,Pharmaceutical Sciences,Pharmacy,MAJOR
Prof. Adams,Biology,Science,MAJOR
Dr. Green,Mechanical Engineering,Engineering,MAJOR
Prof. Adams,Philosophy,Humanities,MAJOR
Prof. Clark,Divinity Studies,Theology,MAJOR
Dr. Anderson,Education Psychology,Education,MAJOR
Dr. Walker,Mechanical Engineering,Engineering,MAJOR
Prof. Adams,Environmental Policy,Environmental Sciences,MAJOR
Prof. Campbell,Anthropology,Social Sciences,MAJOR
Prof. Gonzalez,Marketing,Business,MAJOR
Prof. Lopez,Pharmaceutical Sciences,Pharmacy,MAJOR
Prof. Thompson,Music Performance,Music,MAJOR
Dr. Anderson,Divinity Studies,Theology,MAJOR
Dr. Robinson,Philosophy,Humanities,MAJOR
Dr. Taylor,Pharmacology,Pharmacy,MAJOR
Dr. Green,Philosophy,Humanities,MAJOR
Prof. Carter,Architectural Design,Architecture,MAJOR
Dr. Wright,Music Performance,Music,MAJOR
Dr. Walker,Oral Surgery,Dentistry,MAJOR
Prof. Scott,Agronomy,Agriculture,MAJOR
Prof. Young,Software Development,Computing,MAJOR
Dr. Wright,Marketing,Business,MAJOR
Dr. Mitchell,Music Performance,Music,MAJOR
Prof. Thompson,Media Studies,Communication,MAJOR
Dr. Mitchell,Anthropology,Social Sciences,MAJOR
Dr. Taylor,Pharmacology,Pharmacy,MAJOR
Dr. Walker,Divinity Studies,Theology,MAJOR
Dr. Hernandez,Philosophy,Humanities,MAJOR
Dr. Hernandez,Pharmaceutical Sciences,Pharmacy,MAJOR
Dr. Robinson,Marketing,Business,MAJOR
Prof. Hall,Music Performance,Music,MAJOR
Dr. Hernandez,Architectural Design,Architecture,MAJOR
Dr. Roberts,Music Performance,Music,MAJOR
Dr. Phillips,Computer Science,Computing,MAJOR
Prof. Lopez,Architectural Design,Architecture,MAJOR
Prof. Turner,Media Studies,Communication,MAJOR
Dr. Roberts,Philosophy,Humanities,MAJOR
Prof. Clark,Environmental Policy,Environmental Sciences,MAJOR
Prof. Scott,Constitutional Law,Law,MAJOR
Prof. Young,Sports Science,Physical Education,MAJOR
Dr. Wright,Architectural Design,Architecture,MAJOR
Prof. Lopez,Agronomy,Agriculture,MAJOR
Prof. Campbell,Pharmacology,Pharmacy,MAJOR
Dr. Baker,Anthropology,Social Sciences,MAJOR
Prof. Adams,Environmental Policy,Environmental Sciences,MAJOR
Prof. Carter,Constitutional Law,Law,MAJOR
Prof. Gonzalez,Divinity Studies,Theology,MAJOR
Prof. Campbell,Environmental Policy,Environmental Sciences,MAJOR
Dr. Allen,Marketing,Business,MAJOR
Prof. Young,Music Performance,Music,MAJOR
Dr. Phillips,Media Studies,Communication,MAJOR
Dr. Allen,Sports Science,Physical Education,MAJOR
Dr. Anderson,Environmental Policy,Environmental Sciences,MAJOR
Dr. Mitchell,Veterinary Medicine,Veterinary Medicine,MAJOR
Prof. Lopez,Environmental Policy,Environmental Sciences,MAJOR
Prof. King,Philosophy,Humanities,MAJOR
Prof. Gonzalez,Constitutional Law,Law,MAJOR
Dr. Harris,Agronomy,Agriculture,MAJOR
Prof. Adams,Veterinary Medicine,Veterinary Medicine,MAJOR
Prof. Perez,Pharmacology,Pharmacy,MAJOR
Dr. Harris,Architectural Design,Architecture,MAJOR
Prof. Gonzalez,Oral Surgery,Dentistry,MAJOR
Prof. Lewis,Computer Science,Computing,MAJOR
Dr. Baker,Sports Science,Physical Education,MAJOR
Prof. Scott,Environmental Policy,Environmental Sciences,MAJOR
Dr. Baker,Agronomy,Agriculture,MAJOR
Prof. Gonzalez,Anthropology,Social Sciences,MAJOR
Dr. Taylor,Marketing,Business,MAJOR
Dr. Taylor,Agronomy,Agriculture,MAJOR
Prof. Perez,Pharmaceutical Sciences,Pharmacy,MAJOR
Dr. Allen,Marketing,Business,MAJOR
Prof. Wilson,Marketing,Business,MAJOR
Prof. Lopez,Computer Science,Computing,MAJOR
Prof. Carter,Marketing,Business,MAJOR
Dr. Green,Agronomy,Agriculture,MAJOR
Dr. Green,Anthropology,Social Sciences,MAJOR
Prof. Clark,Sports Science,Physical Education,MAJOR
Prof. Adams,Philosophy,Humanities,MAJOR
Dr. Walker,Constitutional Law,Law,MAJOR
Dr. Green,Philosophy,Humanities,MAJOR
Dr. Harris,Constitutional Law,Law,MAJOR
Prof. Young,Oral Surgery,Dentistry,MAJOR
Dr. Harris,Computer Science,Computing,MAJOR
Prof. Thompson,Divinity Studies,Theology,MAJOR
Prof. Hall,Architectural Design,Architecture,MAJOR
Prof. Campbell,Music Performance,Music,MAJOR
Dr. Green,Pharmaceutical Sciences,Pharmacy,MAJOR
Prof. Carter,Media Studies,Communication,MAJOR
Prof. Lewis,Software Development,Computing,MAJOR
Prof. Hall,Divinity Studies,Theology,MAJOR
Prof. King,Media Studies,Communication,MAJOR
Prof. Scott,Philosophy,Humanities,MAJOR
Prof. Turner,Education Psychology,Education,MAJOR
Prof. Lopez,Philosophy,Humanities,MAJOR
Dr. Walker,Computer Science,Computing,MAJOR
Dr. Roberts,Constitutional Law,Law,MAJOR
Dr. Mitchell,Pharmaceutical Sciences,Pharmacy,MAJOR
Prof. Turner,Divinity Studies,Theology,MAJOR
Prof. Hall,Pharmaceutical Sciences,Pharmacy,MAJOR
Prof. Lewis,Agronomy,Agriculture,MAJOR
Prof. Perez,Biology,Science,MAJOR
Dr. Mitchell,Software Development,Computing,MAJOR
Prof. Adams,Software Development,Computing,MAJOR
Dr. Phillips,Mechanical Engineering,Engineering,MAJOR
Prof. Clark,Architectural Design,Architecture,MAJOR
Prof. Wilson,Computer Science,Computing,MAJOR
Prof. Perez,Philosophy,Humanities,MAJOR
Prof. Wilson,Computer Science,Computing,MAJOR
Dr. Hernandez,Agronomy,Agriculture,MAJOR
Dr. Hernandez,Software Development,Computing,MAJOR
Prof. Young,Marketing,Business,MAJOR
Prof. Lopez,Computer Science,Computing,MAJOR
Prof. Clark,Biology,Science,MAJOR
Dr. Allen,Mechanical Engineering,Engineering,MAJOR
Prof. King,Mechanical Engineering,Engineering,MAJOR
Dr. Baker,Philosophy,Humanities,MAJOR
Dr. Green,Music Performance,Music,MAJOR
Dr. Walker,Philosophy,Humanities,MAJOR
Prof. Carter,Education Psychology,Education,MAJOR
Prof. Thompson,Agronomy,Agriculture,MAJOR
Prof. Turner,Biology,Science,MAJOR
Prof. Perez,Education Psychology,Education,MAJOR
Dr. Hill,Anthropology,Social Sciences,MAJOR
Prof. King,Computer Science,Computing,MAJOR
Dr. Green,Marketing,Business,MAJOR
Dr. Phillips,Constitutional Law,Law,MAJOR
Dr. Hill,Biology,Science,MAJOR
Dr. Taylor,Software Development,Computing,MAJOR
Dr. Walker,Music Performance,Music,MAJOR
Dr. Hernandez,Philosophy,Humanities,MAJOR
Dr. Anderson,Computer Science,Computing,MAJOR
Dr. Anderson,Marketing,Business,MAJOR
Dr. Phillips,Philosophy,Humanities,MAJOR
Prof. Adams,Environmental Policy,Environmental Sciences,MAJOR
Dr. Taylor,Music Performance,Music,MAJOR
Dr. Wright,Oral Surgery,Dentistry,MAJOR
Prof. Lopez,Media Studies,Communication,MAJOR
Dr. Baker,Architectural Design,Architecture,MAJOR
Dr. Allen,Veterinary Medicine,Veterinary Medicine,MAJOR
Dr. Robinson,Computer Science,Computing,MAJOR
Dr. Walker,Veterinary Medicine,Veterinary Medicine,MAJOR
Prof. Young,Pharmacology,Pharmacy,MAJOR
Dr. Green,Sports Science,Physical Education,MAJOR
Prof. Carter,Pharmacology,Pharmacy,MAJOR
Prof. Scott,Music Performance,Music,MAJOR
Dr. Taylor,Sports Science,Physical Education,MAJOR
Dr. Hernandez,Computer Science,Computing,MAJOR
Dr. Baker,Software Development,Computing,MAJOR
Dr. Hernandez,Veterinary Medicine,Veterinary Medicine,MAJOR
Dr. Wright,Mechanical Engineering,Engineering,MAJOR
Dr. Green,Education Psychology,Education,MAJOR
Dr. Harris,Divinity Studies,Theology,MAJOR
Dr. Taylor,Mechanical Engineering,Engineering,MAJOR
Dr. Hernandez,Agronomy,Agriculture,MAJOR
Dr. Roberts,Anthropology,Social Sciences,MAJOR